family,mode,epoch,train_loss,train_iou,train_dice,val_loss,val_iou,val_dice,learning_rate,seconds,train_alignment_iou,val_alignment_iou,train_seg_loss,train_align_loss,val_seg_loss,val_align_loss
baseline,part_only,1,0.858698662099973,0.1685297777979365,0.2294035656802063,0.7982742371039612,0.20979253950949756,0.28531326975637267,0.001,248.44013452529907,,,,,,
baseline,part_only,2,0.7681994990578004,0.22972851909441397,0.3079734431347633,0.7524833373781675,0.23938285597191145,0.3163273874931479,0.001,256.8472068309784,,,,,,
baseline,part_only,3,0.7270295010866306,0.2597464303593656,0.3435921584114663,0.7221849794140911,0.26144655122790394,0.343274387759041,0.001,255.94077968597412,,,,,,
baseline,part_only,4,0.69936576782217,0.27984852176411407,0.36825764684168466,0.701502860685511,0.27485421576417635,0.359468675193406,0.001,250.4122040271759,,,,,,
baseline,part_only,5,0.6803389994206651,0.29393351986285154,0.38487016772434934,0.6914509628711524,0.28457149506386814,0.37174691734061915,0.001,246.14416575431824,,,,,,
baseline,part_only,6,0.6665419853749323,0.3044909687044132,0.3970873385068072,0.6926298028314255,0.2798976611422361,0.3677891478054989,0.001,245.54725694656372,,,,,,
baseline,part_only,7,0.6533678286563688,0.31455166386066136,0.40861577167810814,0.6747593375600014,0.29704534579892244,0.38704219502281345,0.001,245.12227034568787,,,,,,
baseline,part_only,8,0.6425262302337083,0.32273334182178626,0.418307630228219,0.6748433881464385,0.29779043031741886,0.3871876110665364,0.001,239.76618695259094,,,,,,
baseline,part_only,9,0.6330848084661864,0.3301225401234631,0.4266491230693211,0.6723743509320379,0.3009937093417364,0.38983697702197967,0.001,251.5858552455902,,,,,,
baseline,part_only,10,0.6237030637629558,0.3375473049257325,0.43498433950195414,0.673184666304398,0.2975389293546687,0.3861906862181753,0.001,244.45046591758728,,,,,,
baseline,part_only,11,0.6152382957453363,0.3440669769084784,0.44251694691619403,0.6711885531743368,0.3010913668584155,0.3889546389525762,0.001,244.0838177204132,,,,,,
baseline,part_only,12,0.6071002073036843,0.3503207650558104,0.449655474238501,0.6674936273594376,0.3036774689293473,0.39248821116831184,0.001,251.95404839515686,,,,,,
baseline,part_only,13,0.6006060082275603,0.35591250122472107,0.4555689777862888,0.6726183241239257,0.30133211551617906,0.38922508773037273,0.001,245.74547457695007,,,,,,
baseline,part_only,14,0.5931024780163481,0.3618442033987117,0.46227684526445234,0.6712905944615377,0.30113238064087966,0.39065208574586185,0.001,251.1157410144806,,,,,,
baseline,part_only,15,0.5871260999627008,0.36656207851192857,0.46766202614878916,0.6638810425000155,0.3073634386641308,0.39650868409852763,0.001,245.59551191329956,,,,,,
baseline,part_only,16,0.5807138864137585,0.37182169853893576,0.4736394614511706,0.6733036452126735,0.30037545985838615,0.38643788473988044,0.001,250.18933939933777,,,,,,
baseline,part_only,17,0.574188627768849,0.3772566289910921,0.4797387672707286,0.6692088092029288,0.30530938722329876,0.3924231040889263,0.001,242.83078742027283,,,,,,
baseline,part_only,18,0.5684003561171882,0.3817981797129716,0.48476268155573776,0.6642738407097973,0.30726320612391994,0.3964950045914326,0.0005,251.5560269355774,,,,,,
baseline,part_only,19,0.5476226943958439,0.39968843198389853,0.5033841843167258,0.6683158154369301,0.3072093165968871,0.39380885718516934,0.0005,244.08907675743103,,,,,,
baseline,part_only,20,0.5389114418549817,0.40748968557834886,0.5115012888390978,0.6671884013611136,0.30833807134319663,0.3955388993764258,0.0005,252.05308866500854,,,,,,
baseline,object_mask,1,0.8504991795216229,0.17368539163490868,0.23573471404531401,0.7848294678243618,0.21620297653775386,0.2888813587839935,0.001,249.23000311851501,,,,,,
baseline,object_mask,2,0.7530842574811272,0.23970015632558636,0.3197952695753722,0.7329825144884012,0.25336873235568774,0.33384741458563616,0.001,263.7862732410431,,,,,,
baseline,object_mask,3,0.7079507208641928,0.27212312994119814,0.3586189192937079,0.7068575282441503,0.2714514632537527,0.3578237033777638,0.001,244.711416721344,,,,,,
baseline,object_mask,4,0.683164162390516,0.29037620080990983,0.38071238892334625,0.6922215362839972,0.28288450862854686,0.36945681439505684,0.001,250.05753421783447,,,,,,
baseline,object_mask,5,0.6642948141833884,0.30480324224168953,0.3972509674186976,0.6756759747589548,0.2967520977301119,0.38438929188212917,0.001,248.0519368648529,,,,,,
baseline,object_mask,6,0.6497019654757037,0.31605967517270683,0.4100803105581338,0.6706701018792268,0.2998294522011293,0.39037670797900476,0.001,246.52580046653748,,,,,,
baseline,object_mask,7,0.6359904180521542,0.32644483677669656,0.4222992756011778,0.6627757185999759,0.3052410930555872,0.3947959135265412,0.001,248.83174085617065,,,,,,
baseline,object_mask,8,0.6242909040995873,0.33562248916981513,0.4328343404131247,0.6535189936847748,0.31438123295736675,0.4048772849375633,0.001,249.10467886924744,,,,,,
baseline,object_mask,9,0.6139717606442646,0.3436455034492898,0.4425106769005773,0.66117041865856,0.30726377217515,0.39326268072845866,0.001,250.14451241493225,,,,,,
baseline,object_mask,10,0.6038220965233014,0.3521525348896747,0.4514372386519089,0.6579192228044636,0.30942411214402576,0.3978956850987036,0.001,250.46831059455872,,,,,,
baseline,object_mask,11,0.5959377838198989,0.35847992836951453,0.45860856710767095,0.6546688587791583,0.31283620628402714,0.40112818708440373,0.0005,250.6496012210846,,,,,,
baseline,object_mask,12,0.5694546967852377,0.38012200361713006,0.48200177237290304,0.6481515011612523,0.31766907647332454,0.4065304263992217,0.0005,245.31432461738586,,,,,,
baseline,object_mask,13,0.5593978076675585,0.3889045057599206,0.4915138262114005,0.6460477722629888,0.32104237977226446,0.411913811871149,0.0005,261.49825716018677,,,,,,
baseline,object_mask,14,0.5524727114279108,0.39462635225495457,0.49804063652391367,0.6480448266577695,0.31997987311313325,0.40947139774325597,0.0005,254.90663313865662,,,,,,
baseline,object_mask,15,0.5460536961008907,0.4003282542589338,0.5042058054486053,0.6475627334886899,0.32005864921896976,0.4091033978626823,0.0005,248.78884935379028,,,,,,
baseline,object_mask,16,0.5402742149421684,0.4051155913834237,0.5095245901856833,0.6486304368916196,0.32002716989707536,0.40956701799632406,0.00025,248.005521774292,,,,,,
baseline,object_mask,17,0.5246415982750098,0.41889169795796505,0.5236901127422203,0.6520933836151995,0.3184619890736916,0.4061152313262256,0.00025,246.48493432998657,,,,,,
baseline,object_mask,18,0.5181318220596254,0.4251187360500355,0.5300229283580503,0.6554365056489535,0.3167283245339234,0.4043894842861797,0.00025,253.24722743034363,,,,,,
baseline,object_mask,19,0.5141411379241266,0.42876411020059424,0.5338221487922256,0.6553558496981376,0.31765175089159703,0.4046534341001459,0.000125,254.11227917671204,,,,,,
baseline,object_mask,20,0.5052608363205041,0.4371942357828409,0.5420338685224235,0.6562023913204477,0.3170097573482489,0.4039881980406299,0.000125,248.4396665096283,,,,,,
geometry,object_mask,1,0.851629195621498,0.1729684295952484,0.2340029270966211,0.7746188545432806,0.2240741615220824,0.2992115331313371,0.001,273.7584717273712,,,,,,
geometry,object_mask,2,0.7567442896001688,0.23806408480975494,0.31653184752463126,0.7322087820936818,0.25308333952964446,0.33295806011078555,0.001,264.4632730484009,,,,,,
geometry,object_mask,3,0.7210455452770959,0.26344944887682165,0.3459539676694755,0.7218017424451751,0.26358351106589667,0.33899520953239104,0.001,260.9311697483063,,,,,,
geometry,object_mask,4,0.6930655182188122,0.28392346361280035,0.37044192710501156,0.6933193017749725,0.28101175521955524,0.3624285301987279,0.001,260.8376853466034,,,,,,
geometry,object_mask,5,0.6616611181504792,0.3071977761759511,0.39862397416475476,0.664171805338052,0.30503255222093195,0.39399919354285495,0.001,255.02723908424377,,,,,,
geometry,object_mask,6,0.6411720426398043,0.3226505693958997,0.41673017822352304,0.6649743201534596,0.3011761932857857,0.39072516496256077,0.001,248.95894932746887,,,,,,
geometry,object_mask,7,0.6257938997513206,0.3348646195366941,0.4309299488892737,0.6517886878217308,0.31389304384701716,0.4055232550976989,0.001,257.42665004730225,,,,,,
geometry,object_mask,8,0.6139200084529832,0.3436414064074213,0.4413497204466751,0.6488181486999075,0.31509335748971856,0.404724944820939,0.001,263.4824604988098,,,,,,
geometry,object_mask,9,0.6030575701589431,0.3526481930484348,0.4516462631926011,0.6482664382059082,0.3171835383229528,0.4110969413702799,0.001,255.77852201461792,,,,,,
geometry,object_mask,10,0.5937235352497041,0.3601150689150436,0.46025440394896616,0.640979534856967,0.3234057180028903,0.4147978175548031,0.001,259.20871591567993,,,,,,
geometry,object_mask,11,0.5848199563315465,0.367518964229545,0.46845798491264995,0.6414747092844727,0.32168995154199737,0.4138323219398593,0.001,259.55154967308044,,,,,,
geometry,object_mask,12,0.5773083837770658,0.3735239801147865,0.4753640225917398,0.6468703112813132,0.31913526481602184,0.4110007391681949,0.001,259.92345118522644,,,,,,
geometry,object_mask,13,0.5687267583250248,0.3808270965546918,0.4833068407557486,0.6401321193546925,0.32344926554536874,0.41536159625331176,0.001,268.33748626708984,,,,,,
geometry,object_mask,14,0.5617155246475333,0.3865683278535672,0.4896531390377459,0.6473068408467109,0.31791178297006323,0.40798069980345114,0.001,254.7181248664856,,,,,,
geometry,object_mask,15,0.5546206129538597,0.3925568471444011,0.49630186202161664,0.6469138265942036,0.31868518290974945,0.4086921345904678,0.001,263.80380058288574,,,,,,
geometry,object_mask,16,0.5483370320141749,0.39759258796945757,0.5021091230809269,0.6535824041536324,0.31296304815088144,0.40102491128341794,0.0005,269.1303951740265,,,,,,
geometry,object_mask,17,0.5245334024064453,0.41835653902930336,0.5233016546782139,0.6488459076181842,0.3196765892247809,0.4080592815512078,0.0005,254.01803708076477,,,,,,
geometry,object_mask,18,0.5152727581833588,0.426749001328271,0.5319749439001098,0.6438066703473352,0.32460540455907677,0.4141194360991769,0.0005,255.20413613319397,,,,,,
geometry,object_mask,19,0.5094014761867024,0.4320914192523159,0.5375908685755719,0.6489077083115439,0.32113230702624995,0.40961698644433847,0.0005,254.5892117023468,,,,,,
geometry,object_mask,20,0.5041898748340049,0.43686516314910834,0.5425896503975052,0.6577036946594008,0.31481526089589057,0.40123857819789693,0.0005,258.86368799209595,,,,,,
geometry,absolute_xy,1,0.8423891522314316,0.17923227759771182,0.24167782895158094,0.7591635578401394,0.23515563870517953,0.3096570144000563,0.001,257.27190017700195,,,,,,
geometry,absolute_xy,2,0.7469336478540574,0.24471491897891468,0.32408512191704214,0.722625955730323,0.2594937053313147,0.3384730823603263,0.001,248.0544216632843,,,,,,
geometry,absolute_xy,3,0.7114641975792142,0.2702181239169383,0.35373767402326817,0.706224735500743,0.2724949495370591,0.35156989991343396,0.001,249.8865885734558,,,,,,
geometry,absolute_xy,4,0.6764911662563212,0.2955653886360031,0.3846797716202696,0.6697755147981284,0.29972077078289455,0.39148342776581435,0.001,258.3592357635498,,,,,,
geometry,absolute_xy,5,0.6456241289973879,0.31902131850226984,0.4130813378964413,0.6492046338326208,0.3165347193565698,0.4092969426316608,0.001,262.7199215888977,,,,,,
geometry,absolute_xy,6,0.6291065829792871,0.3315907909885606,0.42810069326888067,0.6506238552101736,0.3119552473998764,0.40479252504299373,0.001,247.84720849990845,,,,,,
geometry,absolute_xy,7,0.6166973391857575,0.34170781937358036,0.43963613412388824,0.6540761487126479,0.3132410547429818,0.4005403634413932,0.001,251.20607018470764,,,,,,
geometry,absolute_xy,8,0.6057734316868537,0.3505739480634371,0.4497319815669106,0.6373699427036792,0.3244087042481897,0.417705362218612,0.001,262.49661350250244,,,,,,
geometry,absolute_xy,9,0.595147101848058,0.3590753518687059,0.45927668765303015,0.640074573481353,0.3243923555364372,0.41628483889429574,0.001,247.92275094985962,,,,,,
geometry,absolute_xy,10,0.5868120162310138,0.3659582263949858,0.4669756019955433,0.6350003825550841,0.3277888833319099,0.4217224675024726,0.001,255.27594137191772,,,,,,
geometry,absolute_xy,11,0.5779468819623883,0.373234715832469,0.4751654286487831,0.6372950911007524,0.32532771296614327,0.41878762056783825,0.001,262.82489109039307,,,,,,
geometry,absolute_xy,12,0.5696000108675706,0.3799876583443555,0.4830037451944655,0.6382670290647587,0.3252024949882923,0.41676962025214426,0.001,253.20756316184998,,,,,,
geometry,absolute_xy,13,0.5627426300415447,0.38590160733377893,0.48940354979937284,0.6378389163567667,0.3267030124396825,0.4186972694746756,0.0005,249.4385621547699,,,,,,
geometry,absolute_xy,14,0.5389275800905444,0.40600458365185516,0.5104724195136361,0.6357262873983949,0.3291480585273673,0.4202359858840029,0.0005,256.30708837509155,,,,,,
geometry,absolute_xy,15,0.5289527927744943,0.4145741671938088,0.5197713825052117,0.6414935678854472,0.3261189302741002,0.41589813604709785,0.0005,261.0368630886078,,,,,,
geometry,absolute_xy,16,0.5226237735541794,0.4203720719754218,0.5259668476352327,0.6422279688661281,0.32468681021351387,0.41520741916268644,0.0005,252.06183052062988,,,,,,
geometry,absolute_xy,17,0.5170796354365018,0.4250547635977447,0.5310161374885304,0.6455910984495054,0.3246172565279655,0.4145093622266796,0.00025,249.2398555278778,,,,,,
geometry,absolute_xy,18,0.502936669672452,0.43827969557874846,0.5440668677403603,0.646257216169096,0.32443800674673035,0.4132643336070523,0.00025,273.1319229602814,,,,,,
geometry,absolute_xy,19,0.49736159467334023,0.4435376746514951,0.5495735416536893,0.6500904978028907,0.3224995219205961,0.41143566540401216,0.00025,256.4795787334442,,,,,,
geometry,absolute_xy,20,0.49323053628933583,0.4475396430392507,0.5536892109562099,0.6515924149346584,0.3218116293768795,0.41009760253380545,0.000125,253.54873657226562,,,,,,
geometry,relative_uv,1,0.8417509662987618,0.17970953163342182,0.24207647072106983,0.7583858280120158,0.2346576788536039,0.3121027253335091,0.001,259.1521487236023,,,,,,
geometry,relative_uv,2,0.7471451362897674,0.24402202890111632,0.32364490179266286,0.7300940479404076,0.2543226112696988,0.3305250346146227,0.001,258.36412239074707,,,,,,
geometry,relative_uv,3,0.7131672754142764,0.26915942998798376,0.3527218342625816,0.7060702496490561,0.2735295231738394,0.35659614353246805,0.001,267.10295152664185,,,,,,
geometry,relative_uv,4,0.6738031715185637,0.29795006854875833,0.3870934962358626,0.6687316908676905,0.30032388526773507,0.3913462895662911,0.001,256.70044350624084,,,,,,
geometry,relative_uv,5,0.6452152437190775,0.319751358770859,0.4136916124876854,0.6517257685928798,0.3144048144387839,0.4050222477095027,0.001,259.347482919693,,,,,,
geometry,relative_uv,6,0.6279312416540168,0.3330862389838588,0.42943129845588346,0.6504339120534631,0.31321715106213105,0.4056162166428283,0.001,255.62711215019226,,,,,,
geometry,relative_uv,7,0.6157239904366646,0.34300463213943344,0.44082604933167113,0.6398385498258803,0.3246463028937096,0.4165640930527622,0.001,258.08171010017395,,,,,,
geometry,relative_uv,8,0.6038505550032107,0.3523567741169055,0.45138325796731643,0.6391098357841549,0.32454463550188006,0.41684770661264564,0.001,253.04152703285217,,,,,,
geometry,relative_uv,9,0.5940894580221342,0.3602746100015644,0.46072976647644526,0.6393611873495025,0.32524576976075525,0.41849479262497047,0.001,265.86923384666443,,,,,,
geometry,relative_uv,10,0.5844731723010281,0.3679921149576802,0.4694790008385412,0.6446053785670793,0.3217612354983018,0.4110958054742124,0.001,256.84395360946655,,,,,,
geometry,relative_uv,11,0.5765626079059535,0.37451981572052984,0.47658044745108497,0.632736856626204,0.3300837267435356,0.424322640014955,0.001,257.36725521087646,,,,,,
geometry,relative_uv,12,0.5687870167287397,0.38074175733019067,0.4837825603514711,0.637831358333493,0.32765403685703504,0.4193397233144108,0.001,254.64328145980835,,,,,,
geometry,relative_uv,13,0.5602660829871137,0.3877396103847106,0.49161886308665553,0.6404804761612942,0.32540740373322363,0.4187567381282712,0.001,255.95463109016418,,,,,,
geometry,relative_uv,14,0.5526570704116158,0.3944312732707062,0.49890257413507316,0.6459258755562504,0.32069526423078265,0.41260693367759516,0.0005,262.4198179244995,,,,,,
geometry,relative_uv,15,0.5293557416285146,0.4142232056939789,0.5195584458468908,0.6396983734612326,0.3276838013880204,0.41723429008980784,0.0005,262.42898893356323,,,,,,
geometry,relative_uv,16,0.5195047033402568,0.4232702991639272,0.5290073288679925,0.6437789034560532,0.32455857104532415,0.41495117493689126,0.0005,257.2588527202606,,,,,,
geometry,relative_uv,17,0.5131861908340011,0.42873079663088903,0.534869660914976,0.6444526122483106,0.3259413722810107,0.41558428933319536,0.00025,253.2743616104126,,,,,,
geometry,relative_uv,18,0.4994256675655349,0.4414711146298093,0.547490567967858,0.6434531319231406,0.3265852506203173,0.415515410572194,0.00025,253.11435651779175,,,,,,
geometry,relative_uv,19,0.493525981545791,0.44688388497262593,0.5531495510565702,0.6476934059023729,0.3239370351888344,0.41281434539966727,0.00025,275.12847447395325,,,,,,
geometry,relative_uv,20,0.4895339261480002,0.45090266078376967,0.5572308272577234,0.6532755771886956,0.32082713093958243,0.4082224010263832,0.000125,261.7918291091919,,,,,,
alignment,mask_baseline,1,0.8486629870989482,0.14662851989963704,0.20883671993766195,0.7728642056803616,0.19837847617258916,0.2749355756702804,0.001,136.5246810913086,0.15375207850266484,0.14921785654759329,,,,
alignment,mask_baseline,2,0.759233246688719,0.20917164009020914,0.28811505827358924,0.7477043987992255,0.21396873254799148,0.29316625269099733,0.001,96.5240170955658,0.14477583043210274,0.14440613200620797,,,,
alignment,mask_baseline,3,0.7218373899642418,0.23626968791393105,0.31948545126894856,0.7215953781123815,0.22699729981706623,0.30459168868414666,0.001,96.10152792930603,0.14135579430799586,0.13749517395915595,,,,
alignment,mask_baseline,4,0.6945259274492294,0.2561779172349482,0.34361535491575285,0.6975152529173299,0.24968972775639067,0.33426278445391466,0.001,101.92223834991455,0.14126988945732685,0.14135645349241768,,,,
alignment,mask_baseline,5,0.6691070730201009,0.27454382038618114,0.36614301247118125,0.6762845754109026,0.26726736181376437,0.3559208550242287,0.001,96.34024381637573,0.1427231253239786,0.146715417038147,,,,
alignment,mask_baseline,6,0.6461696143332326,0.29126919108841776,0.385718086799924,0.6623087888653867,0.2758463716461949,0.3675816739711432,0.001,97.0847692489624,0.14364925846826615,0.14391155793314483,,,,
alignment,mask_baseline,7,0.6298302997907839,0.3039971612390666,0.4007174849284155,0.6755894377522227,0.2645043126149696,0.3505799537695374,0.001,95.95360493659973,0.1371992796903736,0.13516665017784862,,,,
alignment,mask_baseline,8,0.6170511908455065,0.3141998835124476,0.41253489047731856,0.6487766933801233,0.28671032698280474,0.37830110276851325,0.001,106.19478273391724,0.1331541937504699,0.13283925824180776,,,,
alignment,mask_baseline,9,0.6043689591898175,0.3240873475921753,0.42394057225944787,0.646786676641421,0.28895904897775465,0.38021333775248983,0.001,96.18982338905334,0.13124149768252177,0.13258274899395794,,,,
alignment,mask_baseline,10,0.5943539120260091,0.3321418564314798,0.4332347799568076,0.6405280092258927,0.2944188530776879,0.38630196780062803,0.001,96.45453929901123,0.12544862991265546,0.12456530573684421,,,,
alignment,mask_baseline,11,0.5856576910718325,0.339465154388336,0.44160266944527793,0.6426040122552725,0.2924050007582097,0.38328051631376064,0.001,102.05889797210693,0.120280354865079,0.1176637392471009,,,,
alignment,mask_baseline,12,0.5772779040711685,0.34594785847775583,0.44902253259583796,0.6420071276131829,0.29333154470966216,0.3852269482651189,0.001,95.99661469459534,0.11463030966128536,0.1131851158015422,,,,
alignment,mask_baseline,13,0.5689798427091854,0.3528843428995407,0.4568155199695825,0.63777129279757,0.29765666871780716,0.3910472896171105,0.001,97.15040516853333,0.11173656193464421,0.10739920471574882,,,,
alignment,mask_baseline,14,0.5629315907652279,0.3570679360934008,0.46158672577817544,0.6447627429951871,0.2912537938560547,0.3818133911268611,0.001,97.67012429237366,0.1120036361093397,0.10857478568597648,,,,
alignment,mask_baseline,15,0.5545491573970845,0.3637456681846632,0.4689567805401112,0.6400155726631354,0.2957419917414903,0.3870034232673345,0.001,96.08386754989624,0.11011808655011748,0.1023396476379876,,,,
alignment,mask_baseline,16,0.5474080994002454,0.36958145232687406,0.4754824733521218,0.6486289642003747,0.2893374129856546,0.3814181646627516,0.0005,96.45756077766418,0.10910688967234541,0.10592813586500728,,,,
alignment,mask_baseline,17,0.5253852221592318,0.3879303516426672,0.49430550665029716,0.6398133081268467,0.2966057175012886,0.3870265653543777,0.0005,96.70333194732666,0.10873780458941358,0.10437540973997811,,,,
alignment,mask_baseline,18,0.5161415066250356,0.3961501350256418,0.5029561267627387,0.6405484495039511,0.29724898134250727,0.3875794296816972,0.0005,101.28111839294434,0.10725106717001824,0.10455490927640931,,,,
alignment,mask_baseline,19,0.5104199407975516,0.4010405476884132,0.5082805616293152,0.646736922516149,0.2923499136809521,0.38125971625955873,0.00025,96.07622170448303,0.10847660765544932,0.1046181097385567,,,,
alignment,mask_baseline,20,0.4972095006383138,0.4129588640066482,0.5201654559764317,0.6468555594210743,0.2935157600295968,0.38174077234318343,0.00025,97.76950430870056,0.10814082748489326,0.10639590459364388,,,,
alignment,alignment_mask,1,0.9501954666284459,0.18551357492861734,0.2573424923986594,0.8580146399773697,0.24756985104681992,0.33713542698142085,0.001,126.57779741287231,0.4354842377880005,0.4614149913947302,,,,
alignment,alignment_mask,2,0.8270626915172741,0.26519482979694853,0.3574460901662227,0.8201682404278423,0.2723064670236751,0.3661621059607534,0.001,93.41667461395264,0.4711451874835694,0.4681969335485559,,,,
alignment,alignment_mask,3,0.7955016471631039,0.28789893388966914,0.3837826427345036,0.8088960655298819,0.27457858793670564,0.36832008067570715,0.001,93.18133664131165,0.4804680947244215,0.4718574713734747,,,,
alignment,alignment_mask,4,0.7758348862420048,0.3022277160583049,0.3996272214480267,0.7981035789111157,0.280699952126771,0.36956348764472025,0.001,92.55320644378662,0.48386406203615345,0.4744981115818538,,,,
alignment,alignment_mask,5,0.7629181677518295,0.3120373300736348,0.4109221652521111,0.7822620141467616,0.29881094593229224,0.3941218571771567,0.001,93.81293368339539,0.4892558558605973,0.4843926292792879,,,,
alignment,alignment_mask,6,0.7498532428392336,0.3219753317318456,0.42239836516588264,0.777789466910892,0.30020659471768585,0.394639677214391,0.001,92.89328527450562,0.4911465961143171,0.4838904515310656,,,,
alignment,alignment_mask,7,0.7389528161743393,0.3301855918792229,0.4316724760174073,0.7722054175960208,0.30542974241536025,0.4016676177999091,0.001,92.89090776443481,0.4929725239930062,0.481512297125696,,,,
alignment,alignment_mask,8,0.7302673248911029,0.3369921228704675,0.4392583333532324,0.7738343313931133,0.3039783826758412,0.3989237235249206,0.001,93.7241735458374,0.49283590543685,0.48307565931620594,,,,
alignment,alignment_mask,9,0.7202424360047831,0.3449479794457051,0.44827294421127445,0.7735174201195808,0.3037678384198983,0.39715916738155205,0.001,92.21855664253235,0.4949285888520211,0.4846239649362163,,,,
alignment,alignment_mask,10,0.7113722083408014,0.3517482385619918,0.45588896862847617,0.7724369030682915,0.3060524463251699,0.40059242833168635,0.001,92.63919949531555,0.49551343897430383,0.48968337738269613,,,,
alignment,alignment_mask,11,0.7041725855521437,0.35827111762571395,0.46349103673604425,0.7734942242037003,0.3060546340546425,0.39969242419424633,0.001,93.50118064880371,0.49716116008470385,0.49051934464592506,,,,
alignment,alignment_mask,12,0.696466961124416,0.3641492027092785,0.46989904435681773,0.773616733031494,0.3061447776010121,0.3996631570397489,0.001,95.35904431343079,0.4970646629902819,0.48470626821281326,,,,
alignment,alignment_mask,13,0.6899370045222685,0.369251406085594,0.4755703919932371,0.773585965075282,0.308439131275607,0.40293816889374,0.001,93.86218237876892,0.49753014342384866,0.48819338924933664,,,,
alignment,alignment_mask,14,0.6828736770779389,0.3750787815542219,0.48197340424968327,0.7833051762534576,0.29751257470606984,0.38841561666069935,0.001,92.86129260063171,0.4986264856884374,0.48759911663452526,,,,
alignment,alignment_mask,15,0.6764982046355632,0.380429313601219,0.48797855996831824,0.7749129066318112,0.3062604967416329,0.39955347356463844,0.001,92.90620183944702,0.4989787453401708,0.48979782405537436,,,,
alignment,alignment_mask,16,0.671401410640522,0.3845218096503322,0.4925896422754654,0.7804308653906582,0.30167426924425167,0.39389674336586183,0.0005,92.92146229743958,0.49954266986815427,0.49035987145435206,,,,
alignment,alignment_mask,17,0.6468869358423296,0.4046331949865164,0.513431810925835,0.7754364043892137,0.3045160903232705,0.39590540016321174,0.0005,92.40063309669495,0.5012173806646124,0.49271694877001077,,,,
alignment,alignment_mask,18,0.6371364389087704,0.41273595063400104,0.5218894152227429,0.7778864240569204,0.3039133024523527,0.39479245776722477,0.0005,93.63696765899658,0.5008700242122165,0.49219908252631706,,,,
alignment,alignment_mask,19,0.6315268804570704,0.4175773342127202,0.5270375741556942,0.7768994610286454,0.30570306462168434,0.3968761998079034,0.00025,93.38091588020325,0.5021771541085985,0.4925985507016043,,,,
alignment,alignment_mask,20,0.6174949796580854,0.42985578807269886,0.5392472170654717,0.7840979472204577,0.3002169854831485,0.3895091739831796,0.00025,93.72481346130371,0.5025374118804465,0.4907296135330406,,,,
alignment,alignment_relative_uv,1,0.9488303685335583,0.18632151688096543,0.2579226547492722,0.8632371970236365,0.23869226313926512,0.3224075521546403,0.001,136.8157021999359,0.43556892035517736,0.4555242455764367,,,,
alignment,alignment_relative_uv,2,0.8263233167489769,0.2654538239001557,0.3575285301856568,0.8136868141872855,0.27281554272758024,0.3651436740831907,0.001,94.43565487861633,0.471169931019867,0.47767194999460266,,,,
alignment,alignment_relative_uv,3,0.7947725046227135,0.28793968814718257,0.3841117875453084,0.7992380753304195,0.2802164811709295,0.37186555388788445,0.001,94.44072985649109,0.47954894010499605,0.4653286748719447,,,,
alignment,alignment_relative_uv,4,0.7758809860288292,0.30164923382589987,0.3997605896497751,0.7922411894721121,0.2848624911364228,0.37520305822807354,0.001,94.19736909866333,0.48362115288562413,0.47592573361360785,,,,
alignment,alignment_relative_uv,5,0.7612888109167021,0.3127244667209495,0.4121770322982729,0.7749670683501736,0.30272985106291894,0.3997301641357369,0.001,93.87637424468994,0.48800108120546287,0.48558806157806544,,,,
alignment,alignment_relative_uv,6,0.7496750292861722,0.321473330104378,0.42199380778123047,0.7741697801612599,0.30227178519244075,0.3985188019491065,0.001,95.35508871078491,0.48966516233072405,0.4802266626489201,,,,
alignment,alignment_relative_uv,7,0.7391358207027382,0.3297213388915543,0.43125813612114566,0.7700283150585466,0.3044073326892934,0.3993613127711457,0.001,94.04740977287292,0.49157052507049936,0.47891039151332654,,,,
alignment,alignment_relative_uv,8,0.7298989143056005,0.33725085720183823,0.4397260995660472,0.7801080255446696,0.2961740803728011,0.38914324340290973,0.001,93.87519979476929,0.49279409980575595,0.4839239564464059,,,,
alignment,alignment_relative_uv,9,0.720952547812755,0.344227041656566,0.4475993221706918,0.7698008274697692,0.30635498736973976,0.40114684103151227,0.001,94.76501965522766,0.4938660803406426,0.4877922241098801,,,,
alignment,alignment_relative_uv,10,0.7118809076104807,0.3510177434529797,0.45513339415698456,0.7821214447258102,0.2966519961778593,0.3874253241793366,0.001,115.90261030197144,0.49536697700764615,0.4858827352716699,,,,
alignment,alignment_relative_uv,11,0.7055443215715796,0.3562722392195671,0.46114362198334236,0.7706365913892127,0.30553399484972305,0.3982039633756574,0.001,98.34338760375977,0.49660252728544757,0.48630371635142783,,,,
alignment,alignment_relative_uv,12,0.6982772243198645,0.36227582486676646,0.4679377775789,0.778265708858527,0.30127186857002153,0.3928839040183218,0.0005,96.28116798400879,0.49683281570204507,0.48653461349306243,,,,
alignment,alignment_relative_uv,13,0.6719219019394183,0.38333796240064416,0.4902274393657638,0.7649976207986233,0.3110090555845958,0.406118950841219,0.0005,94.05741667747498,0.49880491077983785,0.4919993861657773,,,,
alignment,alignment_relative_uv,14,0.6617758521954068,0.3914814612808428,0.4990477554294573,0.7739526573508303,0.3040688635913018,0.39559773124800646,0.0005,93.25498533248901,0.4992534766482158,0.49034301124858753,,,,
alignment,alignment_relative_uv,15,0.6556425094750323,0.3968132646800298,0.5049607835054266,0.7668508330466549,0.30967917838791925,0.4040352556391839,0.0005,100.5923285484314,0.5007865586275865,0.49247532520350773,,,,
alignment,alignment_relative_uv,16,0.6495462032995994,0.4019276766509002,0.5104245164575355,0.7779199099720746,0.3021933390173622,0.3927849658378512,0.00025,93.62944173812866,0.5005932466736904,0.4895040153364019,,,,
alignment,alignment_relative_uv,17,0.6345260798752479,0.41493572340922164,0.5235700612622625,0.7770153946346707,0.30331928426425264,0.3939340920411906,0.00025,94.47103977203369,0.5012805509132685,0.4930325708600181,,,,
alignment,alignment_relative_uv,18,0.6275212955267774,0.42097591428525133,0.5299594118235067,0.7793330786169025,0.3018061192053563,0.3915905405053313,0.00025,95.46749210357666,0.5012909401825892,0.49150598361011205,,,,
alignment,alignment_relative_uv,19,0.6233768971208855,0.4246718446095279,0.5338254798857894,0.7778408836006733,0.3032749258736632,0.3937621255534197,0.000125,95.0283899307251,0.5013240682611378,0.49168788001118097,,,,
alignment,alignment_relative_uv,20,0.6146695449509907,0.4327226623685887,0.5417600725395496,0.7845719081812821,0.29903770500205773,0.38740731457512,0.000125,104.89810752868652,0.5022700253346111,0.4904840964072473,,,,
uvd,fixed_uvd,1,0.8466723765522793,0.17653389164675623,0.23790956096375845,0.7787456940678716,0.219629119032795,0.29406055838609074,0.001,257.96548414230347,,,,,,
uvd,fixed_uvd,2,0.7490088138837567,0.24287935493517246,0.32214082803293953,0.7279415100394973,0.25617089668266724,0.33883344985649166,0.001,251.0380048751831,,,,,,
uvd,fixed_uvd,3,0.7111642604917188,0.270461598673128,0.35494000338032977,0.6979587382226057,0.27915304259446316,0.3638563391781676,0.001,261.864697933197,,,,,,
uvd,fixed_uvd,4,0.6849005798898609,0.290072573208176,0.3787044386384946,0.6816743176989056,0.29069842862722817,0.3769727438977621,0.001,272.23113799095154,,,,,,
uvd,fixed_uvd,5,0.6661602631498384,0.304014164595088,0.3949256399967115,0.6734949597906011,0.29881182502645764,0.38724357301234685,0.001,256.9753429889679,,,,,,
uvd,fixed_uvd,6,0.6454336944833299,0.31922649474813053,0.412914565926889,0.6583247225904413,0.3106629320911605,0.4003976693109658,0.001,253.70811200141907,,,,,,
uvd,fixed_uvd,7,0.6273118688452243,0.3334731068882536,0.42923768544548535,0.6476905757426701,0.3195029739551688,0.41227146963857136,0.001,267.8976743221283,,,,,,
uvd,fixed_uvd,8,0.6114637236382533,0.34617459863156336,0.44358016636307596,0.646159223111059,0.3201988607227095,0.41287432384336653,0.001,255.14830040931702,,,,,,
uvd,fixed_uvd,9,0.5985311791615221,0.3566809883986608,0.4555883030000685,0.6398030834547781,0.3232969921383657,0.4162044718363267,0.001,258.4110264778137,,,,,,
uvd,fixed_uvd,10,0.5887208230029232,0.3643615720479727,0.46450165407950306,0.6362851596444428,0.3259389362546104,0.41892416365324103,0.001,258.32801485061646,,,,,,
uvd,fixed_uvd,11,0.5799712483194146,0.3715167636572093,0.4726448919100239,0.6414637318706821,0.32245877473549805,0.4130904047620335,0.001,259.3384232521057,,,,,,
uvd,fixed_uvd,12,0.5705762192797418,0.378911112694866,0.4812158453780961,0.6340414535780683,0.3296059735095231,0.422499544412187,0.001,248.0025234222412,,,,,,
uvd,fixed_uvd,13,0.5631865325400761,0.38542300977687366,0.4879171908452275,0.6408115029978007,0.323945247786202,0.4156012211191873,0.001,263.44495034217834,,,,,,
uvd,fixed_uvd,14,0.5555725295110991,0.39153336377980635,0.4950742186905886,0.6394760413205868,0.32585229879765576,0.4179411690437035,0.001,258.7998082637787,,,,,,
uvd,fixed_uvd,15,0.5487534588058028,0.39729021508122475,0.5012459579254336,0.6430423151713744,0.3240698266939181,0.4127971619656942,0.0005,260.0475161075592,,,,,,
uvd,fixed_uvd,16,0.5252424705607481,0.4176239926076109,0.5224309488570437,0.6324553201628091,0.3336099155866084,0.4245258064492492,0.0005,267.2883939743042,,,,,,
uvd,fixed_uvd,17,0.51597174857908,0.425828998548495,0.5311377836233309,0.638009563297387,0.32971172920451325,0.4196802621311483,0.0005,263.5599799156189,,,,,,
uvd,fixed_uvd,18,0.5101555987223696,0.4309870875882872,0.536703214422119,0.6408095515404447,0.3283005757850094,0.41770597387350367,0.0005,263.85342669487,,,,,,
uvd,fixed_uvd,19,0.5050238929937299,0.43567293657243883,0.541618536091615,0.6445908286682096,0.32587416029606564,0.4153284653458652,0.00025,262.0237989425659,,,,,,
uvd,fixed_uvd,20,0.49156587178849015,0.44832621834986697,0.5540997076416623,0.6438775429062087,0.3275396487923759,0.41604602579610117,0.00025,256.70686435699463,,,,,,
uvd,query_gated_uvd,1,0.8494036225953505,0.17400322784110014,0.23559699434766757,0.7854502860139232,0.22234773690517923,0.2972550669277113,0.001,272.09182691574097,,,,,,
uvd,query_gated_uvd,2,0.7506667433167694,0.241798963682339,0.3210840797659833,0.7233297079640814,0.25980738994887476,0.340308558304333,0.001,253.01074123382568,,,,,,
uvd,query_gated_uvd,3,0.7102009176522542,0.27087259058225294,0.35603749445253385,0.6999989933180577,0.27771193846786935,0.3643063202966507,0.001,257.3972566127777,,,,,,
uvd,query_gated_uvd,4,0.6811902423839451,0.29193054138976093,0.3815372616437256,0.685786526758694,0.28819710308808466,0.378009950973198,0.001,257.9285833835602,,,,,,
uvd,query_gated_uvd,5,0.6576302383819395,0.30912399638886917,0.4024289089139795,0.6697921970901366,0.2993968826313749,0.38910923478672804,0.001,270.2656056880951,,,,,,
uvd,query_gated_uvd,6,0.6396192595735443,0.3230596842882619,0.41851828467832064,0.6538671255754679,0.3102479101256131,0.4016674947005645,0.001,259.2095937728882,,,,,,
uvd,query_gated_uvd,7,0.6233781969352588,0.33595556614267563,0.43335325878777264,0.6583417091426211,0.30766671261033834,0.40103186748945985,0.001,255.23100399971008,,,,,,
uvd,query_gated_uvd,8,0.6108859500773304,0.34616838406077133,0.4449823669074354,0.6442202585543372,0.3187523779359836,0.41055897289752447,0.001,250.4380874633789,,,,,,
uvd,query_gated_uvd,9,0.6010867763829965,0.35381117339884954,0.4537727709895384,0.643954128894991,0.3203529251303359,0.4121771511393715,0.001,264.41489815711975,,,,,,
uvd,query_gated_uvd,10,0.5906255352831782,0.36238244064532765,0.4635492628707427,0.6430581158676065,0.32008727291898303,0.4132452705531444,0.001,251.00541996955872,,,,,,
uvd,query_gated_uvd,11,0.5819129265333959,0.3695757828930393,0.4715180615925542,0.643276767566109,0.3213450653074629,0.4141327790200646,0.001,263.4911015033722,,,,,,
uvd,query_gated_uvd,12,0.5736434578027876,0.37620267573682764,0.47897257002583116,0.639852343253719,0.32450839295227807,0.41452465814808553,0.001,257.81221532821655,,,,,,
uvd,query_gated_uvd,13,0.5657913958879047,0.3829008717042269,0.4862369862534058,0.6428170883797004,0.32232707489719925,0.41443167441999773,0.001,251.37407660484314,,,,,,
uvd,query_gated_uvd,14,0.5583838325216468,0.38903542136123725,0.49335955785636076,0.639303834435752,0.32428495028129545,0.41544655621244686,0.001,260.9400291442871,,,,,,
uvd,query_gated_uvd,15,0.5506348536389196,0.3952106468571356,0.5002216160683846,0.6489703503498625,0.31951425961563373,0.40899516011969045,0.0005,265.13331151008606,,,,,,
uvd,query_gated_uvd,16,0.5269553719733394,0.41552598293465326,0.5213380907972958,0.6440933073480024,0.3249842592524093,0.41340332348884246,0.0005,261.32789874076843,,,,,,
uvd,query_gated_uvd,17,0.5171804221312681,0.42441453505119453,0.5307716843884861,0.6407873336036871,0.327294202266259,0.41783895677090205,0.0005,264.46596455574036,,,,,,
uvd,query_gated_uvd,18,0.5108577871302216,0.43008453475093905,0.5366078292684049,0.6491525712651085,0.32183208056155915,0.41051157312357184,0.0005,254.34877395629883,,,,,,
uvd,query_gated_uvd,19,0.5057299048395738,0.43461577373255617,0.5414248983191674,0.6468236196902706,0.3242149161739514,0.4141358335330648,0.0005,261.99389696121216,,,,,,
uvd,query_gated_uvd,20,0.5014799460919087,0.4384099873656329,0.5454250427114613,0.6539293530818071,0.3209563802843341,0.4086505269637771,0.00025,259.69810914993286,,,,,,
object_zoom,mask_baseline,1,0.8090470949366404,0.21201792856532195,0.2861052837607443,0.7285013413609296,0.2672893047782853,0.35240780079120443,0.001,278.33717036247253,,,0.8090470949366404,1.6454471784874936,0.7285013413609296,1.5932241953435196
object_zoom,mask_baseline,2,0.7085182336362701,0.28269706141479123,0.37146269479062743,0.6860870873272226,0.29942068280782774,0.3894265379591924,0.001,268.19922041893005,,,0.7085182336362701,1.5707198929674393,0.6860870873272226,1.5922179057502952
object_zoom,mask_baseline,3,0.6740588303355749,0.3085383831838547,0.3998782192120764,0.6795948547709978,0.30018526074569973,0.3856212647858818,0.001,280.491393327713,,,0.6740588303355749,1.5912729666731658,0.6795948547709978,1.5780245659806582
object_zoom,mask_baseline,4,0.6446364098925482,0.3307279274017995,0.4258910496414703,0.6618243799240457,0.31434117606414047,0.40923739344428145,0.001,284.0699453353882,,,0.6446364098925482,1.598392466287218,0.6618243799240457,1.5852524580950362
object_zoom,mask_baseline,5,0.6163059591452232,0.352117630059336,0.45117798290294103,0.6269587214067659,0.34291164279627057,0.43870691300853043,0.001,279.81772661209106,,,0.6163059591452232,1.606111342800933,0.6269587214067659,1.604002972508197
object_zoom,mask_baseline,6,0.5988063958779235,0.36495861155161824,0.4660624442289959,0.6107215453120112,0.3552933488977508,0.4543382660470734,0.001,274.23832511901855,,,0.5988063958779235,1.6033819921811907,0.6107215453120112,1.6202301508400432
object_zoom,mask_baseline,7,0.5832779010003244,0.37707614461736466,0.4803653395214579,0.6081599619524893,0.3557959537804448,0.45638105398628703,0.001,278.6264283657074,,,0.5832779010003244,1.605855267429521,0.6081599619524893,1.6070566014050152
object_zoom,mask_baseline,8,0.5707688275349819,0.386855859779511,0.4916131211603896,0.6000574880561911,0.36267044117921377,0.46282974525305576,0.001,278.62065720558167,,,0.5707688275349819,1.617166153093574,0.6000574880561911,1.6246868329526538
object_zoom,mask_baseline,9,0.5619404676113808,0.3941426000939107,0.49964913616479956,0.5991782646991931,0.36577671788785576,0.465664970193223,0.001,275.62289237976074,,,0.5619404676113808,1.614057241269839,0.5991782646991931,1.6128287819468345
object_zoom,mask_baseline,10,0.5520375330930558,0.40165690788691016,0.5082921221523272,0.6064388822711916,0.3581615191961698,0.45587247639026457,0.001,273.64002537727356,,,0.5520375330930558,1.6064582859764727,0.6064388822711916,1.6302991952453745
object_zoom,mask_baseline,11,0.5437939687565319,0.40874775941200275,0.5160227255034763,0.5964475633514223,0.3663849141669762,0.4654802770997843,0.001,275.2440016269684,,,0.5437939687565319,1.6072884540512946,0.5964475633514223,1.628164750987015
object_zoom,mask_baseline,12,0.5359567466865104,0.41539966628977165,0.5231103334479962,0.6086632088550086,0.3570419997780583,0.454195929448067,0.001,271.2903151512146,,,0.5359567466865104,1.6086116413420015,0.6086632088550086,1.6196628048967776
object_zoom,mask_baseline,13,0.5280474652915316,0.4219063041724082,0.5303083440784839,0.6076805597370111,0.36093417406403644,0.4593424940122113,0.001,274.49395060539246,,,0.5280474652915316,1.611622978958619,0.6076805597370111,1.5994465613442332
object_zoom,mask_baseline,14,0.5207495705105346,0.4283239464324814,0.5369621114567796,0.6008750877334076,0.3631810638028827,0.4612273950664228,0.0005,279.88787174224854,,,0.5207495705105346,1.6141030082163645,0.6008750877334076,1.614748002641795
object_zoom,mask_baseline,15,0.4977070598403528,0.448030974974114,0.5570694480556853,0.590940221034979,0.3732237776152653,0.4719703998637688,0.0005,288.8087251186371,,,0.4977070598403528,1.613554631295106,0.590940221034979,1.6182031335696947
object_zoom,mask_baseline,16,0.48851316294120906,0.4562892633604707,0.5656608307104212,0.5967421600476567,0.36872510835448,0.46659110314509117,0.0005,273.13161516189575,,,0.48851316294120906,1.6084840296386498,0.5967421600476567,1.6174125749830803
object_zoom,mask_baseline,17,0.48249937038230883,0.4617642298649776,0.5713105188414141,0.601832992950818,0.36396841380138356,0.46102378849329945,0.0005,274.7091166973114,,,0.48249937038230883,1.6072394265349221,0.601832992950818,1.6081448239158787
object_zoom,mask_baseline,18,0.47778528569648665,0.4657532501234557,0.5755741930575216,0.6023333021866594,0.3650535728778397,0.4629578972968726,0.00025,273.74327635765076,,,0.47778528569648665,1.5996176388309056,0.6023333021866594,1.6112489974228696
object_zoom,mask_baseline,19,0.4639658230081218,0.4784899981453977,0.5879230949483346,0.6031013024406269,0.36523862017525566,0.46141884811101996,0.00025,270.62806487083435,,,0.4639658230081218,1.601261476375501,0.6031013024406269,1.6057844559351604
object_zoom,mask_baseline,20,0.45826838329900144,0.48402882480345716,0.5934828641079377,0.6059461358167079,0.36466455412978366,0.4607240318801925,0.00025,278.9308536052704,,,0.45826838329900144,1.5952358029874372,0.6059461358167079,1.5994362810540226
object_zoom,alignment_mask,1,0.9094636510968522,0.25112045635773167,0.3326033241327933,0.7983995978886256,0.321980744150207,0.41917724912220605,0.001,298.61383152008057,,,0.7510830181382455,0.7919031449090203,0.6501469212185347,0.7412633554449359
object_zoom,alignment_mask,2,0.7802560152508183,0.33580341954753773,0.4363552835003828,0.7654206864656368,0.3440456462073609,0.4430700983558786,0.001,287.12242364883423,,,0.6338768836168479,0.7318956336812351,0.6203548155299026,0.7253293342317707
object_zoom,alignment_mask,3,0.7498007849477702,0.3575498727991921,0.46074359284182836,0.7539338779423743,0.35081851334504965,0.4526200066878186,0.001,277.06011152267456,,,0.6058140270928299,0.7199337626715393,0.6096363105563027,0.7214878134614313
object_zoom,alignment_mask,4,0.7306141270410833,0.3721856220328951,0.4765361008808018,0.734677103602256,0.3654992311003396,0.46666263582379813,0.001,278.60071063041687,,,0.5880441851182497,0.7128496860625132,0.5922829160926926,0.7119709146575763
object_zoom,alignment_mask,5,0.7169917659611066,0.3822373093975539,0.487872738048231,0.7295825533496524,0.37258037972990365,0.47438209059426184,0.001,278.43817234039307,,,0.5751621106675848,0.7091482506665158,0.5873519296013422,0.7111530995806187
object_zoom,alignment_mask,6,0.7046241594590253,0.3920904673620921,0.4984902429816934,0.7223275711492685,0.3777630467373705,0.48234811061922916,0.001,281.437561750412,,,0.5633748070866597,0.7062467424262444,0.5807728909494551,0.7077733775301401
object_zoom,alignment_mask,7,0.6949592012791497,0.40005767442952733,0.5070671172519439,0.7228410247845943,0.3759751719178505,0.4784922658304052,0.001,288.1563501358032,,,0.5540005082755696,0.7047934375871496,0.5813231629911235,0.7075892898385707
object_zoom,alignment_mask,8,0.6847969493929257,0.40799536338945624,0.5156157572040923,0.7234578185997091,0.37672893874982155,0.47912656026364914,0.001,280.0504207611084,,,0.5443141808297789,0.702413820459891,0.5820758489343341,0.7069098274298856
object_zoom,alignment_mask,9,0.6763342300593885,0.4147716262623603,0.5232639229967001,0.7173480836447517,0.3837004342511248,0.48659254814686,0.001,280.7132840156555,,,0.5359565857660006,0.7018882005839867,0.5760846453062796,0.7063171579356847
object_zoom,alignment_mask,10,0.6683413311424398,0.42156411382107717,0.5305990947299838,0.7250497912126066,0.37531241652392006,0.4757660530917467,0.001,281.28570914268494,,,0.5281886928409194,0.7007631680033419,0.5838966216598642,0.7057658296315544
object_zoom,alignment_mask,11,0.6608180189119566,0.42767245608795323,0.5374407134232401,0.7173132015534847,0.38267094408038366,0.4847118172316361,0.001,280.99485206604004,,,0.5208590739334357,0.6997947026096766,0.5763226422805745,0.7049527844693412
object_zoom,alignment_mask,12,0.652781282851394,0.4343870423391942,0.544641260720078,0.7210148471973218,0.3813319433854236,0.4841239644614367,0.0005,280.69592928886414,,,0.5129293647517676,0.699259569983401,0.5798786294113085,0.7056810735627415
object_zoom,alignment_mask,13,0.627864715994531,0.45523404097096243,0.5657184778298724,0.7127652557279428,0.38783929838588965,0.48826743686469243,0.0005,279.57344150543213,,,0.4890401762000967,0.6941226822927871,0.5726825329349522,0.7004136005265813
object_zoom,alignment_mask,14,0.6183470319050796,0.46317111213197476,0.5741077113664874,0.7202871522857147,0.3819028393414671,0.48128309964876476,0.0005,286.3958885669708,,,0.4799330328114427,0.6920699756425035,0.5801979586273078,0.7004459517673381
object_zoom,alignment_mask,15,0.6118426548792277,0.46894752630014086,0.5802572881514103,0.7189411848879941,0.38401685598855906,0.48467420486827756,0.0005,281.36819672584534,,,0.4735144234132356,0.6916411387110291,0.5790868771886363,0.6992715127131185
object_zoom,alignment_mask,16,0.6063702340497614,0.4738981003637044,0.5851992831965733,0.7197848830408263,0.3836521567071526,0.48357028286691106,0.00025,279.04690980911255,,,0.46817802131099434,0.6909610434725887,0.5799360856526363,0.6992439618002635
object_zoom,alignment_mask,17,0.59132737228284,0.4873220622685351,0.5985092532671922,0.7228382872146311,0.38202889355255176,0.4805276969682823,0.00025,280.2699873447418,,,0.4534720061124155,0.6892768125831844,0.5833301119176829,0.6975408591884625
object_zoom,alignment_mask,18,0.5852525454062163,0.4929933873194279,0.604189831420576,0.727113998952164,0.3792597560820842,0.47703971224309555,0.00025,285.82460713386536,,,0.44761565043092233,0.6881844578142801,0.5876617648326334,0.6972611433994166
object_zoom,alignment_mask,19,0.5813449289545137,0.49655807353690595,0.607707295095354,0.7276947253344515,0.3788686718273317,0.47713588562340925,0.000125,284.968763589859,,,0.4438195565281472,0.6876268461360298,0.5883257565246303,0.696844819680001
object_zoom,alignment_mask,20,0.5727327453396693,0.5047276693678419,0.615435421926194,0.7318704933924711,0.37685401290815884,0.4739947946261948,0.000125,278.53839802742004,,,0.4353990004481041,0.6866687074102198,0.5926822701704155,0.6959411033148905
object_zoom,alignment_relative_uv,1,0.9092548845105816,0.2514256977445589,0.3335208462935067,0.8009586591422236,0.32113968943443627,0.4165058416327484,0.001,286.4487974643707,,,0.7505813629534334,0.7933675862356124,0.6520417636780805,0.7445844511512543
object_zoom,alignment_relative_uv,2,0.7762507112232273,0.3382020957512304,0.4396695635670062,0.7611389623747932,0.3514181374539064,0.45344629012522447,0.001,283.21955943107605,,,0.6299857669259016,0.7313246971766543,0.615049877084446,0.7304454112130075
object_zoom,alignment_relative_uv,3,0.7476926866536681,0.3593884792956557,0.46276505120384326,0.7502266175667187,0.355363573746388,0.4550740506013749,0.001,282.44794845581055,,,0.6036108800289981,0.7204090081826577,0.6066262709798679,0.7180017205889557
object_zoom,alignment_relative_uv,4,0.7292834650858424,0.3731611630837701,0.47761356342064143,0.7296254261926283,0.3721333844376228,0.4760825730450331,0.001,282.30484557151794,,,0.586642645916025,0.7132040724213885,0.5871828381040464,0.712212922310752
object_zoom,alignment_relative_uv,5,0.7163020306621111,0.3827390201675527,0.48813613906345044,0.7290844881933227,0.3732019865397111,0.47660111950181966,0.001,289.8058888912201,,,0.5745740458920677,0.7086399010149549,0.5867660369044884,0.7115922380548207
object_zoom,alignment_relative_uv,6,0.704573356800469,0.3920679040673793,0.4982789771054759,0.7241056206542698,0.3780828711477298,0.4818449593284755,0.001,279.62443351745605,,,0.5632832873647049,0.706450321804282,0.582190591347642,0.7095751412606677
object_zoom,alignment_relative_uv,7,0.6950835316390741,0.3999482023711598,0.5066274994009824,0.7230408844952959,0.3766159359948406,0.47950189019741235,0.001,282.5756576061249,,,0.5541949451600414,0.704442908406017,0.5813657001641447,0.7083759060955356
object_zoom,alignment_relative_uv,8,0.6859136645571815,0.4069509896942436,0.5146192830121804,0.7334393900060602,0.368534737484612,0.46931639741282377,0.001,282.4220600128174,,,0.5453261015677541,0.7029377948553148,0.5917173325050996,0.7086102574131378
object_zoom,alignment_relative_uv,9,0.6768615204075059,0.4145347660681882,0.5229446450040438,0.7189385720569853,0.38213538271580955,0.4845580738982208,0.001,281.8023421764374,,,0.5365241205475733,0.7016869765318485,0.5775259020130482,0.7070633223141667
object_zoom,alignment_relative_uv,10,0.6689862335622913,0.4210205711613475,0.5298887169706004,0.7298403761019084,0.3733463819423025,0.4734892700803833,0.001,291.46810483932495,,,0.528836148327604,0.7007504069802958,0.5886392275749543,0.7060057207733039
object_zoom,alignment_relative_uv,11,0.6611511396066779,0.42748392428875814,0.5369630400117613,0.722839960516978,0.37736139341208286,0.4782429805594098,0.001,281.85403847694397,,,0.5211739662780157,0.6998858460884764,0.5817551882264427,0.7054238458924567
object_zoom,alignment_relative_uv,12,0.6535272397129636,0.43367155587587874,0.5437193297980372,0.7232043282756785,0.3782586166002218,0.4781308289870475,0.0005,281.8028848171234,,,0.513767552715579,0.6987984167325678,0.5820156074779061,0.7059435928009345
object_zoom,alignment_relative_uv,13,0.6286711658758595,0.45447038718812494,0.564860044666675,0.7166560849068363,0.3847361311493311,0.4833509258789281,0.0005,285.4060289859772,,,0.48992507888225323,0.6937304150913095,0.5766127898469326,0.7002164534380521
object_zoom,alignment_relative_uv,14,0.6188246165585376,0.4626672936456343,0.5736252312755299,0.7198174741790261,0.3814579349055388,0.4802580618871197,0.0005,279.8334834575653,,,0.48041815515380876,0.6920322892906338,0.579944798025627,0.699363367585817
object_zoom,alignment_relative_uv,15,0.6125211900757376,0.4682697148284851,0.5792984851704978,0.7212812384226819,0.38213846842962307,0.48121197677610245,0.0005,280.77003741264343,,,0.4742101939003492,0.6915549635559027,0.5814954161386788,0.698929090458727
object_zoom,alignment_relative_uv,16,0.6076754348541562,0.4725336958322403,0.5837378047082656,0.7292665237361945,0.3749232523971134,0.4726787090237215,0.00025,283.00312209129333,,,0.4694975390952839,0.6908894613639492,0.5893703616809948,0.6994807909221711
object_zoom,alignment_relative_uv,17,0.5920483065501682,0.4865479277951235,0.5976025517529775,0.727257738864409,0.37871454693095713,0.47602815439014373,0.00025,286.53515434265137,,,0.4542139989898521,0.6891715191316077,0.5877611752209668,0.6974828146164985
object_zoom,alignment_relative_uv,18,0.5862124340856059,0.4919856277377797,0.6030332624813827,0.7305578628661434,0.37653251141791977,0.4728365257269871,0.00025,285.7707688808441,,,0.44857851389212905,0.6881695832671854,0.5910692304983622,0.6974431384985759
object_zoom,alignment_relative_uv,19,0.5820290098548176,0.4958238541310669,0.6069958050416233,0.7318542279471857,0.3755982795000848,0.47160972174188726,0.000125,273.8399033546448,,,0.4444927476263096,0.6876812929137051,0.5924541992662794,0.6970001247579869
object_zoom,alignment_relative_uv,20,0.5733087786775648,0.5041730130668138,0.6148997481259099,0.7334140515378892,0.3754090385786795,0.4713317101505839,0.000125,289.75208020210266,,,0.43597423730986484,0.686672690622128,0.5941225805971871,0.696457346151819
object_zoom,alignment_fixed_uvd,1,0.9093665123401458,0.2512118874304691,0.33314712409036473,0.8054817813371249,0.31750266982127934,0.41727093579056707,0.001,296.67883801460266,,,0.7513680890165153,0.7899920945138666,0.6584884796327758,0.7349664938617035
object_zoom,alignment_fixed_uvd,2,0.7776143543289608,0.33710935637395867,0.43811528283788914,0.765801288484884,0.34541488921886637,0.44223144859429186,0.001,287.3843877315521,,,0.6315252415863656,0.7304455369603372,0.6203571781757194,0.7272205416438648
object_zoom,alignment_fixed_uvd,3,0.7478150487587761,0.35884229788263095,0.46227663152771586,0.7429803810459125,0.36231279263861615,0.4654714264530194,0.001,339.36788964271545,,,0.6041138657182501,0.7185058896057,0.6000024509147018,0.7148896284087962
object_zoom,alignment_fixed_uvd,4,0.7305421183922873,0.37167731355480393,0.47614855748322754,0.7355507653379388,0.36568894898749993,0.4685597029447298,0.001,284.1440849304199,,,0.5880191145384229,0.7126149942374855,0.5929997763330239,0.7127549270853127
object_zoom,alignment_fixed_uvd,5,0.717090189719435,0.3822567067647084,0.48760162361084236,0.7285031990068759,0.3741538500194282,0.4762226250243676,0.001,289.7178044319153,,,0.5752889698663978,0.7090060784150441,0.5866252363306804,0.7093897916481076
object_zoom,alignment_fixed_uvd,6,0.7054630452189958,0.39114517939806026,0.49722847749905613,0.7261310498819896,0.3749375401191341,0.47707690364463173,0.001,289.0065612792969,,,0.5642974471067375,0.7058279680486804,0.584475685702687,0.708276800288866
object_zoom,alignment_fixed_uvd,7,0.6975284884468744,0.3973057989633312,0.504244435574711,0.7214864539354235,0.3796734328923231,0.4822984191849265,0.001,299.73956179618835,,,0.5565662142537596,0.7048113455983271,0.5797096646783678,0.7088839321717733
object_zoom,alignment_fixed_uvd,8,0.687217463133962,0.4055202804641174,0.5133036701524212,0.7236185443568512,0.3757924171648879,0.47940044376713814,0.001,296.385516166687,,,0.5466804134786672,0.7026852244513867,0.58234550394801,0.7063651883486405
object_zoom,alignment_fixed_uvd,9,0.6795736595763148,0.4119327479626062,0.5200868435092377,0.7252915089441606,0.37607122194162595,0.4763637016956346,0.001,288.34389901161194,,,0.5392596255009222,0.7015701475890961,0.5840065058766831,0.7064249918041621
object_zoom,alignment_fixed_uvd,10,0.6715407583631721,0.4184754588358395,0.5271653975012893,0.7179466572780053,0.38259129980106826,0.4861618305487154,0.001,284.93797063827515,,,0.531423327251854,0.7005871328398156,0.5764503403774743,0.7074815646344405
object_zoom,alignment_fixed_uvd,11,0.6642745786270561,0.4243543542348702,0.5335324261303568,0.721215543880689,0.3790336489806026,0.4808217501177371,0.001,285.5067036151886,,,0.5243001469589313,0.6998721340051287,0.5801275627769956,0.7054398912442155
object_zoom,alignment_fixed_uvd,12,0.6581150772476919,0.4296271687976096,0.5389127516696939,0.7227838400755371,0.37890838327724186,0.47802230371755045,0.001,289.87697291374207,,,0.5183113887518712,0.6990184196602482,0.5816745119573229,0.7055466086990496
object_zoom,alignment_fixed_uvd,13,0.6510987182889657,0.4353980743284947,0.5451767593795381,0.724674083654163,0.3773208493296511,0.48010096998790835,0.0005,288.42263531684875,,,0.5113279225246732,0.6988539597340495,0.5835844438438662,0.7054481911427767
object_zoom,alignment_fixed_uvd,14,0.6264234554024601,0.4560839987630924,0.566364076419871,0.7240538534094472,0.3783010450124483,0.4752250948384356,0.0005,291.4453761577606,,,0.4875744704230713,0.694244902304126,0.5838231661044535,0.7011534205789577
object_zoom,alignment_fixed_uvd,15,0.6167797513806978,0.4643618849371761,0.5749633853512369,0.7185582870289988,0.38293695655584076,0.4830084001362131,0.0005,298.13044023513794,,,0.47831878182180604,0.6923048314760056,0.578534355827134,0.7001196367840936
object_zoom,alignment_fixed_uvd,16,0.610704854997526,0.469382741402556,0.5803557388556027,0.7255257763523114,0.37908302805313143,0.47817534008972595,0.0005,294.54753732681274,,,0.4724225821888945,0.6914113468333146,0.5857316624642447,0.6989705481575531
object_zoom,alignment_fixed_uvd,17,0.6053331531117149,0.4742915013002849,0.5853470452291621,0.7269688854968535,0.37854313207418533,0.47640002831543404,0.0005,293.68785667419434,,,0.46716832453464174,0.6908241248770995,0.587242634551039,0.6986312376256899
object_zoom,alignment_fixed_uvd,18,0.6013287169188561,0.47767601118400427,0.5889472599291744,0.728417446891081,0.3773276278469812,0.47507260378124644,0.00025,284.73524951934814,,,0.4632637772044462,0.6903246797015598,0.5886331650688682,0.6989214002378807
object_zoom,alignment_fixed_uvd,19,0.5867916579326437,0.49112092789301953,0.601920180684879,0.7269474003050063,0.37913606557774054,0.47667387767645664,0.00025,285.5177872180939,,,0.44905431979591676,0.688686674556584,0.5875573039955049,0.696950469459402
object_zoom,alignment_fixed_uvd,20,0.5808457769752022,0.496779951065117,0.6075316264079729,0.7297759460528435,0.3784627215826267,0.47511875127897296,0.00025,286.7161202430725,,,0.4432687172576757,0.6878852818207505,0.5904416667604909,0.6966713805800503
object_zoom,alignment_query_gated_uvd,1,0.8989597502648119,0.2579502857113218,0.3420869740488037,0.7948540151440724,0.32198350702160256,0.41950320303761585,0.001,292.7580442428589,,,0.7410988648977985,0.7893044058062832,0.6472014673576643,0.7382627227288362
object_zoom,alignment_query_gated_uvd,2,0.7760487599061953,0.3385982686902443,0.4398842303878605,0.7604825911398458,0.34855069485297097,0.44938525123503603,0.001,294.1271171569824,,,0.6299658301365296,0.7304146228503638,0.6154627841138788,0.7250990071600181
object_zoom,alignment_query_gated_uvd,3,0.7474613973792376,0.35949840005679745,0.462434259177173,0.7489140159103863,0.3574988611500626,0.4601936352548733,0.001,289.7183303833008,,,0.6037844180791004,0.7183848714032256,0.6052939540745756,0.7181002705356964
object_zoom,alignment_query_gated_uvd,4,0.7302078702185991,0.3721467432654796,0.47659153738942917,0.7468985202757414,0.3589235752531626,0.4578336654100346,0.001,289.9118766784668,,,0.5878150723010978,0.7119639651900337,0.6040032425616036,0.7144763806619819
object_zoom,alignment_query_gated_uvd,5,0.7172212612082801,0.38203864368220497,0.4874794543996208,0.7423879344100706,0.36094910047843876,0.4628979641192682,0.001,299.2335774898529,,,0.5755906255247104,0.7081531530323725,0.5998825939470639,0.7125266769814517
object_zoom,alignment_query_gated_uvd,6,0.7055034182167789,0.39104417207058917,0.4972434476308702,0.7318577410205154,0.37043202910351264,0.47066383113624466,0.001,287.0229768753052,,,0.5642509418796331,0.7062623617087485,0.589744189603429,0.7105677329092221
object_zoom,alignment_query_gated_uvd,7,0.6950355890409845,0.39972279968520713,0.5065819925726411,0.7274695976909568,0.37323639407641424,0.47851372883929405,0.001,284.92940497398376,,,0.5542224552465277,0.7040656424639122,0.5855089728243271,0.7098030961704357
object_zoom,alignment_query_gated_uvd,8,0.6847096128823655,0.4077562577929057,0.5155027760749301,0.7259227752428353,0.3743361830711365,0.4756156745916303,0.001,295.28907799720764,,,0.5442703098169897,0.7021964926101052,0.5844274342638774,0.7074766834191134
object_zoom,alignment_query_gated_uvd,9,0.6767781521356888,0.4144006050889357,0.5227421000832279,0.7267115849121489,0.37412352784423253,0.4742958741473534,0.001,302.0928063392639,,,0.5364887586674768,0.7014469434284742,0.5852302681923941,0.7074065746612919
object_zoom,alignment_query_gated_uvd,10,0.6680090055712735,0.4209750384261859,0.5303315884425769,0.7204170389082826,0.3802144434524071,0.48059477042225957,0.001,292.8377115726471,,,0.5279530555226765,0.7002797290100381,0.5792915099647052,0.7056276240780901
object_zoom,alignment_query_gated_uvd,11,0.660571866425121,0.42751699903702706,0.5373437218151585,0.7270352700253007,0.3760618761326503,0.4746568268556811,0.001,286.5125467777252,,,0.5206102660522015,0.6998079853383355,0.5858517647303938,0.7059175106571202
object_zoom,alignment_query_gated_uvd,12,0.652837765523801,0.4339869476595496,0.5442802614265644,0.7245890024281886,0.3786181707855439,0.47851583831004213,0.001,291.6813042163849,,,0.513052962312524,0.6989239926177491,0.5833254833308882,0.7063175805049678
object_zoom,alignment_query_gated_uvd,13,0.6469380763869262,0.4388716628416006,0.5497877458795742,0.7248015378671171,0.37776496890679145,0.4773697433862614,0.0005,285.9254574775696,,,0.5071123265018448,0.6991287285752658,0.5833588420637474,0.7072134562552039
object_zoom,alignment_query_gated_uvd,14,0.6223268473765939,0.4595612607145756,0.5705393316461534,0.7216052083135809,0.38292166589083154,0.4815180774902706,0.0005,289.58268189430237,,,0.4834449279198217,0.6944095782748319,0.5812176712251147,0.701937661844807
object_zoom,alignment_query_gated_uvd,15,0.6122604759908012,0.4684905082696483,0.579773157800372,0.7213976333056453,0.38345340929499466,0.4809190957227314,0.0005,289.78704929351807,,,0.47374577773544096,0.6925734760958279,0.58144707169219,0.6997527907709988
object_zoom,alignment_query_gated_uvd,16,0.6065137893448213,0.4733290551536214,0.5849344335248969,0.7233057378951014,0.38091849361294167,0.48022480313831933,0.0005,289.08265709877014,,,0.46816563529883387,0.6917407519373007,0.5833735528372895,0.6996609151942058
object_zoom,alignment_query_gated_uvd,17,0.6007514581876294,0.47831723595097186,0.5902169924098364,0.7280997683443812,0.3777777890975164,0.4748521602140918,0.0005,294.3696348667145,,,0.4625261750846283,0.6911263981101141,0.5882306101509925,0.6993457739921578
object_zoom,alignment_query_gated_uvd,18,0.5958389786450723,0.4826689890578833,0.5947282820879862,0.7309348968369033,0.37677478349838955,0.4742323495648568,0.00025,296.44102215766907,,,0.45768235566324544,0.6907830971797692,0.5912198970232967,0.6985749748275246
object_zoom,alignment_query_gated_uvd,19,0.5814487559291243,0.495936217045695,0.6074213111420291,0.7282361755993503,0.37866433873017113,0.4758745043216014,0.00025,288.7258229255676,,,0.44363419491841205,0.6890727897340482,0.5887411224546298,0.6974752537640939
object_zoom,alignment_query_gated_uvd,20,0.5759651021014165,0.5011084345172498,0.6124984399792149,0.7319430396394823,0.3766851035843904,0.473971280754577,0.00025,291.3602077960968,,,0.43831057483701213,0.6882726174661148,0.5924825798860774,0.6973022791560028
